Wall time,Step,Value
1609893327.248319,1,71.92230224609375
1609896072.8167264,2,73.73971557617188
1609898825.273991,3,74.54676818847656
1609901585.3844912,4,75.04007720947266
1609904355.1463964,5,75.32755279541016
1609907121.3715112,6,75.54842376708984
1609909893.3708842,7,75.64775848388672
1609912666.0789742,8,75.74470520019531
1609915444.3484046,9,75.77505493164062
1609918215.4165258,10,75.8038558959961
1609920991.8928475,11,75.84938049316406
1609923768.550019,12,75.81861114501953
1609926552.8084948,13,75.79894256591797
1609929326.4172423,14,75.76564025878906
1609935267.9838808,15,76.0677261352539
1609940589.83529,16,76.28564453125
1609945929.0247586,17,76.41532897949219
1609951285.9438293,18,76.53883361816406
1609956662.43203,19,76.49710083007812
1609962040.946653,20,76.47012329101562
1609967608.7716715,21,76.46337890625
1609972910.3812282,22,76.4231948852539
1609978235.663077,23,76.3574447631836
1609983582.8431711,24,76.369384765625
1609988943.6279233,25,76.25614166259766
1609994313.5150905,26,76.28816986083984
1609999681.8178532,27,76.14134979248047
1610005070.295998,28,76.07418823242188
