Wall time,Step,Value
1610013018.5492964,1,66.25263977050781
1610015756.8457837,2,71.70599365234375
1610018502.925311,3,73.27031707763672
1610021261.276216,4,74.24381256103516
1610024026.6196294,5,74.96888732910156
1610026800.857455,6,75.5679931640625
1610029577.7820752,7,76.03949737548828
1610032355.2445116,8,76.4778060913086
1610035134.9827447,9,76.82135772705078
1610037905.7120607,10,77.17135620117188
1610040684.4283981,11,77.47254180908203
1610043459.0191064,12,77.71176147460938
1610046236.182002,13,77.9681625366211
1610049008.1352942,14,78.19950103759766
1610056206.9791176,15,76.87970733642578
1610061499.4599426,16,77.90428924560547
1610066814.2416244,17,78.67638397216797
1610072141.1849213,18,79.29940795898438
1610077463.8346379,19,79.81297302246094
1610082813.5168986,20,80.28866577148438
1610088159.5769963,21,80.74279022216797
1610093495.1143894,22,81.17634582519531
1610098837.3422105,23,81.54560089111328
1610104195.3114204,24,81.89733123779297
1610109548.9072812,25,82.22254180908203
1610114822.7165816,26,82.5350570678711
1610120118.859207,27,82.82965087890625
1610125436.0832822,28,83.11022186279297
1610130763.8048875,29,83.38084411621094
1610136129.2835672,30,84.17426300048828
1610141417.9722807,31,84.63175964355469
1610146711.0531812,32,84.92446899414062
1610152002.6921957,33,85.18751525878906
1610157322.7965913,34,85.41508483886719
1610162662.969728,35,85.6017074584961
1610168011.2214332,36,85.79390716552734
1610173360.078415,37,85.97636413574219
1610178696.2102895,38,86.64572143554688
1610184033.4777164,39,87.0229263305664
1610189356.203563,40,87.26971435546875
