Wall time,Step,Value
1609893001.8584375,1,65.83641052246094
1609895747.8640647,2,71.56074523925781
1609898498.951155,3,73.1463851928711
1609901256.4593723,4,74.17879486083984
1609904025.0370638,5,74.96283721923828
1609906792.43974,6,75.57839965820312
1609909562.169902,7,76.0758056640625
1609912335.1246037,8,76.50859069824219
1609915113.345139,9,76.8962173461914
1609917884.9017599,10,77.26363372802734
1609920659.5713458,11,77.57610321044922
1609923437.023604,12,77.87969970703125
1609926220.6622608,13,78.11717987060547
1609928995.8627884,14,78.38555145263672
1609934940.4731236,15,76.85348510742188
1609940261.0239923,16,77.96719360351562
1609945598.442848,17,78.72290802001953
1609950955.3184328,18,79.35716247558594
1609956329.790951,19,79.91648864746094
1609961708.3083472,20,80.37400817871094
1609967228.216117,21,80.83671569824219
1609972583.247605,22,81.26351928710938
1609977905.6300182,23,81.63969421386719
1609983251.7667685,24,81.9869613647461
1609988611.8705683,25,82.31405639648438
1609993980.903262,26,82.63177490234375
1609999349.5044062,27,82.93001556396484
1610004738.2059898,28,83.213134765625
