Wall time,Step,Value
1610302552.7774067,1,61.868202209472656
1610304979.617541,2,67.34892272949219
1610307326.7781587,3,68.6058349609375
1610309706.8820682,4,69.26361083984375
1610312114.2562077,5,69.6614990234375
1610314446.227489,6,69.92094421386719
1610316789.5016096,7,70.12105560302734
1610319215.9702928,8,70.22359466552734
1610321603.5709476,9,70.3409423828125
1610324005.4232948,10,70.38496398925781
1610326484.156554,11,70.43391418457031
1610328944.2061467,12,70.47882843017578
1610331352.5241024,13,70.50956726074219
1610333745.1441677,14,70.5534896850586
1610336149.6422932,15,70.56147003173828
1610338552.2508397,16,70.58013916015625
1610340962.4736543,17,70.59188842773438
