Wall time,Step,Value
1610302876.0943758,1,68.80972290039062
1610305301.0895352,2,70.50321197509766
1610307648.1548758,3,71.22203063964844
1610310027.714827,4,71.65281677246094
1610312444.688635,5,71.9683837890625
1610314752.4739177,6,72.12167358398438
1610317100.6303313,7,72.24250793457031
1610319540.157483,8,72.3453598022461
1610321921.286154,9,72.42980194091797
1610324333.3640606,10,72.41069030761719
1610326824.7856233,11,72.47743225097656
1610329269.4026444,12,72.4949951171875
1610331673.5106149,13,72.52394104003906
1610334069.3128824,14,72.5621566772461
1610336472.6409366,15,72.55863952636719
1610338878.3287418,16,72.50440979003906
1610341287.1405156,17,72.51958465576172
