Wall time,Step,Value
1610013609.803043,1,69.25188446044922
1610017244.6941054,2,70.90463256835938
1610020882.1358085,3,71.80989837646484
1610024529.6303737,4,72.2104721069336
1610028235.2995007,5,72.55147552490234
1610031909.4873466,6,72.68411254882812
1610098377.4189296,7,72.86311340332031
1610102068.533811,8,72.97312927246094
1610105715.3039367,9,72.98506927490234
1610109383.752626,10,73.02877044677734
1610121938.2015364,11,73.15690612792969
1610125633.8780024,12,73.14383697509766
1610129368.7118816,13,73.17798614501953
1610180425.5625181,14,73.19695281982422
1610184062.20679,15,73.24612426757812
