Wall time,Step,Value
1610013101.764989,1,62.83210372924805
1610016739.6270125,2,68.38282775878906
1610020378.5590806,3,69.65443420410156
1610024019.4993088,4,70.33074951171875
1610027725.7668,5,70.76165008544922
1610031398.3066297,6,71.02556610107422
1610097854.6968527,7,71.23102569580078
1610101556.4713354,8,71.3986587524414
1610105206.6130424,9,71.51593017578125
1610108871.2139874,10,71.619140625
1610121410.7690492,11,71.68183135986328
1610125108.0986648,12,71.73668670654297
1610128840.8242128,13,71.77936553955078
1610179910.451552,14,71.8865737915039
1610183570.8591797,15,71.93736267089844
